Episode,"Episode URL","Media URL","Release Date",Downloads,Date,"Average Downloads of Last 50 Episodes","Compare to Average"
"The Rapture Pt. 3 | Eschatology: The Rapture",https://broJacobcedargrovebaptist.podbean.com/e/the-rapture-pt-3-eschatology-the-rapture/,https://mcdn.podbean.com/mf/web/gnz7sthiniv3cnvc/408_W_Audioabqf1.mp3,2026-04-09,17,"day1 - day7",7,142.86%
"Romans 12:1-2, The Impact of the Gospel Pt. 1 | Romans Chapter 12",https://broJacobcedargrovebaptist.podbean.com/e/romans-121-2-the-impact-of-the-gospel-pt-1-romans-chapter-12/,https://mcdn.podbean.com/mf/web/cehkc42vzrq4e7dg/01_Romans_12_1-2_The_Impact_of_the_Gospel_Pt_18f2z6.mp3,2026-04-05,25,"day1 - day7",7,257.14%
"Romans 11: 30-36, How Unsearchable! Pt. 8 | Romans Chapter 11",https://broJacobcedargrovebaptist.podbean.com/e/romans-11-30-36-how-unsearchable-pt-8-romans-chapter-11/,https://mcdn.podbean.com/mf/web/3acf5qtqdvbuniau/08_Romans_11_30-36_How_Unsearchable_Pt_8aerr4.mp3,2026-03-29,13,"day1 - day7",7,85.71%
"The Rapture Pt. 2 |  Eschatology: The Rapture",https://broJacobcedargrovebaptist.podbean.com/e/eschatology-the-rapture-pt-2-the-rapture/,https://mcdn.podbean.com/mf/web/wfbqciwxvk6wigts/02_The_Rapture_Pt_29huhz.mp3,2026-03-26,21,"day1 - day7",7,200%
"Romans 11: 25-29, How Unsearchable! Pt. 7 | Romans Chapter 11",https://broJacobcedargrovebaptist.podbean.com/e/romans-11-25-29-how-unsearchable-pt-7-romans-chapter-11/,https://mcdn.podbean.com/mf/web/knutdgfwiqt7rh65/07_Romans_11_25-29_How_Unsearchable_Pt_768h04.mp3,2026-03-22,10,"day1 - day7",7,42.86%
"Romans 11: 22-24, A Necessary Clarification Pt. 6 | Romans Chapter 11",https://broJacobcedargrovebaptist.podbean.com/e/romans-11-22-24-a-necessary-clarification-pt-6-romans-chapter-11/,https://mcdn.podbean.com/mf/web/gmd44ikr6uq967w2/06_Romans_11_22-24_A_Necessary_Clarification_Pt_6ac79i.mp3,2026-03-15,9,"day1 - day7",7,28.57%
"Romans 11: 22-24, A Necessary Clarification Pt. 5 | Romans Chapter 11",https://broJacobcedargrovebaptist.podbean.com/e/romans-11-22-24-a-necessary-clarification-pt-5-romans-chapter-11/,https://mcdn.podbean.com/mf/web/5f36xb9wmaimhhxp/05_Romans_11_22-24_A_Necessary_Clarification_Pt_571zu9.mp3,2026-03-08,0,"day1 - day7",7,-100%
"Romans 11:19-24, How Unsearchable Pt. 4 | Romans Chapter 11",https://broJacobcedargrovebaptist.podbean.com/e/romans-1119-24-how-unsearchable-pt-4-romans-chapter-11/,https://mcdn.podbean.com/mf/web/utsix8yhngtmpwfy/04_Romans_11_19-21_How_Unsearchable_Pt_46wae8.mp3,2026-03-01,7,"day1 - day7",7,0%
"Romans 11:16-18, How Unsearchable Pt. 3 | Romans Chapter 11",https://broJacobcedargrovebaptist.podbean.com/e/asdfasefd/,https://mcdn.podbean.com/mf/web/8bu8yypw2pqmuais/03_Romans_11_16-18_How_Unsearchable_Pt_39xc2y.mp3,2026-02-22,8,"day1 - day7",7,14.29%
"Romans 11:11-15, How Unsearchable Pt. 2 | Romans Chapter 11",https://broJacobcedargrovebaptist.podbean.com/e/romans-1111-15-how-unsearchable-pt-2-romans-chapter-11/,https://mcdn.podbean.com/mf/web/wx4ccstesqdabtxw/02_Romans_11_11-15_How_Unsearchable_Pt_26o2w8.mp3,2026-02-15,7,"day1 - day7",7,0%
"Romans 11:1-10, How Unsearchable Pt. 1 | Romans Chapter 11",https://broJacobcedargrovebaptist.podbean.com/e/romans-111-10-how-unsearchable-pt-1-romans-chapter-11/,https://mcdn.podbean.com/mf/web/6hb96gcy7x2n3qii/01_Romans_11_1-10_How_Unsearchable_Pt_18rh74.mp3,2026-02-08,6,"day1 - day7",7,-14.29%
"Romans 10:16-21, Have You Heard? Pt. 4 | Romans Chapter 10",https://broJacobcedargrovebaptist.podbean.com/e/romans-1016-21-have-you-heard-pt-4-romans-chapter-10/,https://mcdn.podbean.com/mf/web/xh5jawzpi76v6qva/04_Romans_10_16-21_Have_You_Heard_Pt_464b2b.mp3,2026-02-01,3,"day1 - day7",7,-57.14%
"Amen! Amen! | 2026 Specials",https://broJacobcedargrovebaptist.podbean.com/e/amen-amen-2026-specials/,https://mcdn.podbean.com/mf/web/pphuxssttwwxabw9/01_Amen_Amen_7wkav.mp3,2026-01-18,6,"day1 - day7",7,-14.29%
"Romans 10:14-15, Have You Heard? Pt. 3 | Romans Chapter 10",https://broJacobcedargrovebaptist.podbean.com/e/romans-1014-15-have-you-heard-pt-3-romans-chapter-10/,https://mcdn.podbean.com/mf/web/k2fwh7s3rc4fccqd/03_Romans_10_14-15_Have_You_Heard_Part_37jeoe.mp3,2026-01-11,2,"day1 - day7",7,-71.43%
"Fast-Tracked Calvary | 2025 Specials",https://broJacobcedargrovebaptist.podbean.com/e/title-fast-tracked-calvary-2025-specials/,https://mcdn.podbean.com/mf/web/embnwyfa66gt4urm/4136rbsl.mp3,2025-04-13,0,"day1 - day7",7,-100%
"Romans 10:5-13, Have You Heard? Pt. 2 | Romans Chapter 10",https://broJacobcedargrovebaptist.podbean.com/e/romans-105-13-have-you-heard-pt-2-romans-chapter-10/,https://mcdn.podbean.com/mf/web/v234yz6x5g9dibty/01_Romans_10_5-13_Have_You_Heard_Pt_2mp3_13-37-36-444b7l9i.mp3,2026-01-04,9,"day1 - day7",7,28.57%
"Romans 10:1-4, Have You Heard? Pt. 1 | Romans Chapter 10",https://broJacobcedargrovebaptist.podbean.com/e/romans-101-4-have-you-heard-romans-chapter-10/,https://mcdn.podbean.com/mf/web/bqmxszttqxbwic33/01_Romans_10_1-4_Have_You_Heard_8959m.mp3,2025-12-28,3,"day1 - day7",7,-57.14%
"Romans 9:6-13, Unexplainable Mercy Pt. 2 | Romans Chapter 9",https://broJacobcedargrovebaptist.podbean.com/e/unexplained-mercy-pt-2-romans/,https://mcdn.podbean.com/mf/web/rs8nzz7gt33yxy8r/1123_Save_for_Dupe_12086jyp4.mp3,2025-11-23,0,"day1 - day7",7,-100%
"Ephesians 6:10-18, Stand Up In the Battle (10th Edition) | 2025 Specials",https://broJacobcedargrovebaptist.podbean.com/e/stand-up-in-the-battle-10th-edition-25-specials/,https://mcdn.podbean.com/mf/web/fnnmwp8mvzvb2uat/11306a01b.mp3,2025-11-30,0,"day1 - day7",7,-100%
"Romans 9:25-33, Unexplainable Mercy Pt. 5 | Romans Chapter 9",https://broJacobcedargrovebaptist.podbean.com/e/romans-925-33-unexplainable-mercy-pt-5-romans-chapter-9/,https://mcdn.podbean.com/mf/web/82mm2gn969aaixty/51_Romans_9_25-33_Unexplainable_Mercy_Pt_5_251221_0.mp3,2025-12-21,18,"day1 - day7",7,157.14%
"Romans 9:1-5, Unexplainable Mercy Pt. 1 | Romans Chapter 9",https://broJacobcedargrovebaptist.podbean.com/e/unexplained-mercy-pt-1-romans/,https://mcdn.podbean.com/mf/web/8jrrhsjd9tngk7qm/1116_PCb9a76.mp3,2025-11-16,6,"day1 - day7",7,-14.29%
"Romans 9:14-20, Unexplainable Mercy Pt. 3 | Romans Chapter 9",https://broJacobcedargrovebaptist.podbean.com/e/hgliyuhb/,https://mcdn.podbean.com/mf/web/qbhkhc32nui5dsuz/12079cno0.mp3,2025-12-07,12,"day1 - day7",7,71.43%
"Romans 9:19-24, Unexplainable Mercy Pt. 4 | Romans Chapter 9",https://broJacobcedargrovebaptist.podbean.com/e/asdfasdf/,https://mcdn.podbean.com/mf/web/xpnmxpq7a7saq6h8/Romans_9_19-24_Unexplainable_Mercy_Pt_4_251214_0auhuf.mp3,2025-12-14,10,"day1 - day7",7,42.86%
"Romans 8:31-39, Are You Persuaded Pt. 2 | Romans Chapter 8",https://broJacobcedargrovebaptist.podbean.com/e/are-you-persuaded-pt-2-romans/,https://mcdn.podbean.com/mf/web/bczwezy2brdp4uk8/Working_1109PC62rnj.mp3,2025-11-09,12,"day1 - day7",7,71.43%
"Maintaining Integrity",https://broJacobcedargrovebaptist.podbean.com/e/maintaining-integrity/,https://mcdn.podbean.com/mf/web/pqej9t/02_Maintaining_Integritymp3awbqy.mp3,2023-10-01,0,"day1 - day7",7,-100%
"Worship Night Nov. 2, 2025 | 2025 Specials",https://broJacobcedargrovebaptist.podbean.com/e/worship-night-nov-2-2025/,https://mcdn.podbean.com/mf/web/728ufjgkwfrvmzb3/Working_1102WorshipPC9p24l.mp3,2025-11-02,10,"day1 - day7",7,42.86%
"Romans 8:31-39, Are You Persuaded Pt. 1 | Romans Chapter 8",https://broJacobcedargrovebaptist.podbean.com/e/are-you-persuaded-pt-1-romans/,https://mcdn.podbean.com/mf/web/dn22vutskbp82si6/1102PC8yqh3.mp3,2025-11-02,7,"day1 - day7",7,0%
"Romans 8:26-27, Pray Anyway... | Romans Chapter 8",https://broJacobcedargrovebaptist.podbean.com/e/asdfhjg/,https://mcdn.podbean.com/mf/web/c4bcfd4mfcqht5v9/1019PC9a4c8.mp3,2025-10-19,0,"day1 - day7",7,-100%
"Romans 8:28-31, What We Know... Is Good | Romans Chapter 8",https://broJacobcedargrovebaptist.podbean.com/e/what-we-know-is-good-romans/,https://mcdn.podbean.com/mf/web/23pgmppxphxfxgz4/1026PC6de5m.mp3,2025-10-26,5,"day1 - day7",7,-28.57%
"Romans 8:19-25, When Faith Becomes Sight Pt. 2 | Romans Chapter 8",https://broJacobcedargrovebaptist.podbean.com/e/when-faith-becomes-sight-pt2-romans/,https://mcdn.podbean.com/mf/web/9b7drvjvmxzxwnk5/Working_10127t319.mp3,2025-10-12,0,"day1 - day7",7,-100%
"Romans 8:17-18, When Faith Becomes Sight Pt. 1| Romans Chapter 8",https://broJacobcedargrovebaptist.podbean.com/e/when-faith-becomes-sight-romans/,https://mcdn.podbean.com/mf/web/83x75vrdvkchgp8r/921PCb379q.mp3,2025-09-21,6,"day1 - day7",7,-14.29%
"Romans 8:12-17, We Are His | Romans Chapter 8",https://broJacobcedargrovebaptist.podbean.com/e/we-are-his-romans/,https://mcdn.podbean.com/mf/web/tf53pufwumhcvhhe/914PCbgitq.mp3,2025-09-14,6,"day1 - day7",7,-14.29%
"Romans 8:5-11, What's On Your Mind | Romans Chapter 8",https://broJacobcedargrovebaptist.podbean.com/e/whats-on-your-mind-romans/,https://mcdn.podbean.com/mf/web/h7y5k2ptz4wyvgx8/907PC5ztfj.mp3,2025-09-07,6,"day1 - day7",7,-14.29%
"Romans 7:1-6, Christians and the Law: 1 | Romans Chapter 7",https://broJacobcedargrovebaptist.podbean.com/e/christians-and-the-law-1-romans/,https://mcdn.podbean.com/mf/web/xizivmumix4arw7q/803pc7mezc.mp3,2025-08-03,0,"day1 - day7",7,-100%
"Romans 7:7-14, Christians and the Law: 3 | Romans Chapter 7",https://broJacobcedargrovebaptist.podbean.com/e/4sadfsdaf/,https://mcdn.podbean.com/mf/web/vwht8cn6skwnaehv/817pcbmixf.mp3,2025-08-17,0,"day1 - day7",7,-100%
"Romans 7:14-24, Christians and the Law: 4 | Romans Chapter 7",https://broJacobcedargrovebaptist.podbean.com/e/christians-and-the-law-4-romans/,https://mcdn.podbean.com/mf/web/mqi97zptzez4gp46/824PCaufds.mp3,2025-08-24,9,"day1 - day7",7,28.57%
"Romans 7:7-13, Christians and the Law: 2 | Romans Chapter 7",https://broJacobcedargrovebaptist.podbean.com/e/christians-and-the-law-2-romans/,https://mcdn.podbean.com/mf/web/y2xa2pjy4bjj9v3b/250803_Full_PodCast661k6.mp3,2025-08-10,7,"day1 - day7",7,0%
"Romans 6:15-23, The Sanctified Life Pt. 5 | Romans Chapter 6",https://broJacobcedargrovebaptist.podbean.com/e/the-sanctified-life-pt-5-romans/,https://mcdn.podbean.com/mf/web/8jv9i29rybhcg6wf/713PC6uaty.mp3,2025-07-13,8,"day1 - day7",7,14.29%
"Romans 6:12-14, The Sanctified Life Pt. 4 | Romans Chapter 6",https://broJacobcedargrovebaptist.podbean.com/e/the-sanctified-life-pt-4-we-live-for-him-romans/,https://mcdn.podbean.com/mf/web/sanjamg8prpbniuf/76PC9xm4l.mp3,2025-07-06,7,"day1 - day7",7,0%
"Romans 6:8-11 , The Sanctified Life Pt. 3 | Romans Chapter 6",https://broJacobcedargrovebaptist.podbean.com/e/the-sanctified-life-pt-3-romans/,https://mcdn.podbean.com/mf/web/4gwtkcfepisfrzz5/629PC73c0u.mp3,2025-06-29,11,"day1 - day7",7,57.14%
"Romans 6:5-7, The Sanctified Life Pt. 2 | Romans Chapter 6",https://broJacobcedargrovebaptist.podbean.com/e/the-sanctified-life-pt-2-romans/,https://mcdn.podbean.com/mf/web/9ppzd7ry9d94jmhe/622PodCast6mlsr.mp3,2025-06-22,8,"day1 - day7",7,14.29%
"Heavy Hands | 2025 Specials",https://broJacobcedargrovebaptist.podbean.com/e/heavy-hands-25-specials/,https://mcdn.podbean.com/mf/web/27xycki8as638bm4/615PC28zt1i.mp3,2025-06-15,9,"day1 - day7",7,28.57%
"Romans 6:1-4, The Sanctified Life Pt. 1 | Romans Chapter 6",https://broJacobcedargrovebaptist.podbean.com/e/the-sanctified-life-romans/,https://mcdn.podbean.com/mf/web/gdg5stwifh4kxqgs/68PCbtmou.mp3,2025-06-08,4,"day1 - day7",7,-42.86%
"Romans 5:16-17, Much More Pt. 4 | Romans Chapter 5",https://broJacobcedargrovebaptist.podbean.com/e/title-much-more-pt-4-romans/,https://mcdn.podbean.com/mf/web/r86jjzkikexazgn6/61PodCast7fk6t.mp3,2025-06-01,0,"day1 - day7",7,-100%
"Romans 5:15, Much More Pt. 3 | Romans Chapter 5",https://broJacobcedargrovebaptist.podbean.com/e/much-more-3-romans/,https://mcdn.podbean.com/mf/web/hzu8iwpgym9mkmjf/525Podcast7jq61.mp3,2025-05-25,6,"day1 - day7",7,-14.29%
"There Will Come A Time... | 2025 Specials",https://broJacobcedargrovebaptist.podbean.com/e/there-will-come-a-time/,https://mcdn.podbean.com/mf/web/asag9r5id7wnq7fr/511Audiobf88q.mp3,2025-05-11,10,"day1 - day7",7,42.86%
"Romans 5:12-14, Much More Pt.2 | Romans Chapter 5",https://broJacobcedargrovebaptist.podbean.com/e/much-more-pt2-romans/,https://mcdn.podbean.com/mf/web/cc997wd4ww62cawr/54Audio72e99.mp3,2025-05-04,0,"day1 - day7",7,-100%
"Romans 5:12, Much More Pt. 1 | Romans Chapter 5",https://broJacobcedargrovebaptist.podbean.com/e/much-more-romans/,https://mcdn.podbean.com/mf/web/4ak7bu3y4hqdzu75/427Audio8uqh7.mp3,2025-04-27,9,"day1 - day7",7,28.57%
"The Empty Tomb Changes Everything | 2025 Specials",https://broJacobcedargrovebaptist.podbean.com/e/the-empty-tomb-changes-everything-2025-specials/,https://mcdn.podbean.com/mf/web/4v5t9vjjpqi6mbt4/420bh2yi.mp3,2025-04-20,5,"day1 - day7",7,-28.57%
"Romans 5:9-11, Perfect Love Pt. 2 (Purpose) | Romans Chapter 5",https://broJacobcedargrovebaptist.podbean.com/e/perfect-love-2-gods-perfect-purpose-romans/,https://mcdn.podbean.com/mf/web/f3fjckajweg3qzwi/32FullWideSF_19hxmt.mp3,2025-04-06,7,"day1 - day7",7,0%
"Romans 5:6, Perfect Love Pt. 1 (Timing) | Romans Chapter 5",https://broJacobcedargrovebaptist.podbean.com/e/perfect-love-1-perfect-timing-romans/,https://mcdn.podbean.com/mf/web/4td2xs4296szecrg/316FullWideSF6notf.mp3,2025-03-16,9,"day1 - day7",7,28.57%
"Romans 5:5, Gospel Dividends Pt. 3: The Holy Spirit I Romans Chapter 5",https://broJacobcedargrovebaptist.podbean.com/e/gospel-dividends-3-the-holy-spirit-i-romans/,https://mcdn.podbean.com/mf/web/6f42mgzendxnmnj6/39PC9juar.mp3,2025-03-09,3,"day1 - day7",7,-57.14%
"Romans 5:3-4, Gospel Dividends Pt. 2: Access Hope | Romans Chapter 5",https://broJacobcedargrovebaptist.podbean.com/e/gospel-dividends-2-access-hope-romans/,https://mcdn.podbean.com/mf/web/b6gbr9rdesdwz6ys/32FullWideSF_PCbhzf9.mp3,2025-03-02,0,"day1 - day7",7,-100%
"Romans 5:1-5, Gospel Dividends Pt. 1 | Romans Chapter 5",https://broJacobcedargrovebaptist.podbean.com/e/gospel-dividends-romans/,https://mcdn.podbean.com/mf/web/sbf7gnczxng46r9d/223FullWideSFaudio73vbg.mp3,2025-02-23,3,"day1 - day7",7,-57.14%
"Romans 4:18-25, Being Fully Persuaded | Romans Chapter 4",https://broJacobcedargrovebaptist.podbean.com/e/being-fully-persuaded-romans/,https://mcdn.podbean.com/mf/web/ykig7edwr5r36mea/216PC6uy27.mp3,2025-02-16,6,"day1 - day7",7,-14.29%
"Romans 4:9-17, By Faith Pt. 2 | Romans Chapter 4",https://broJacobcedargrovebaptist.podbean.com/e/by-faith-pt-2-romans/,https://mcdn.podbean.com/mf/web/39sz8pbj3cajn2za/29PC7su9k.mp3,2025-02-09,10,"day1 - day7",7,42.86%
"Romans 4:1-8, By Faith Pt.1 | Romans Chapter 4",https://broJacobcedargrovebaptist.podbean.com/e/by-faith-romans/,https://mcdn.podbean.com/mf/web/vgvzq8y38zt65u6t/131Audioab43a.mp3,2025-02-02,4,"day1 - day7",7,-42.86%
"Pt. 5 Heart of Evangelism | Reprioritize 2025",https://broJacobcedargrovebaptist.podbean.com/e/heart-of-evangelism-reprioritize-2025/,https://mcdn.podbean.com/mf/web/vuqmy3t996i452ba/126audio6cmwg.mp3,2025-01-26,6,"day1 - day7",7,-14.29%
"Pt. 4 Serving Others | Reprioritize 2025",https://broJacobcedargrovebaptist.podbean.com/e/serving-others-reprioritize-2025/,https://mcdn.podbean.com/mf/web/ivjn5zc6x5w3xmzu/119audio88j56.mp3,2025-01-19,5,"day1 - day7",7,-28.57%
"Pt. 3 Prideful Problems | Reprioritize 2025",https://broJacobcedargrovebaptist.podbean.com/e/prideful-problems-reprioritize-2025/,https://mcdn.podbean.com/mf/web/km7qptqgj8c9cthw/112Nick9lnlm.mp3,2025-01-12,4,"day1 - day7",7,-42.86%
"Pt. 2 Go, Make It Right | Reprioritize 2025",https://broJacobcedargrovebaptist.podbean.com/e/go-make-it-right-reprioritize-2025/,https://mcdn.podbean.com/mf/web/79j4gcwwgwxyjab4/128amh7j.mp3,2025-01-05,4,"day1 - day7",7,-42.86%
"Pt. 1 Spiritual Purity | Reprioritize 2025",https://broJacobcedargrovebaptist.podbean.com/e/reprioritize-2025-pt1-spiritual-purity/,https://mcdn.podbean.com/mf/web/hka45nqdctuyjfrq/1229PodCast7ajmg.mp3,2024-12-29,6,"day1 - day7",7,-14.29%
"Christmas in the Grove 2024 | 2024 Specials",https://broJacobcedargrovebaptist.podbean.com/e/christmas-in-the-grove-2024/,https://mcdn.podbean.com/mf/web/6bpiz3vaj3jabwg6/Untitled_Project655yd.mp3,2024-12-24,3,"day1 - day7",7,-57.14%
"The True Light | 2024 Specials",https://broJacobcedargrovebaptist.podbean.com/e/the-true-light/,https://mcdn.podbean.com/mf/web/5nv5wrg24cam4m8n/12_22_24_The_True_Light668zj.mp3,2024-12-22,3,"day1 - day7",7,-57.14%
"Romans 3:21-26, Thankful For The ""CAN'T"" Pt. 3 | Romans Chapter 3",https://broJacobcedargrovebaptist.podbean.com/e/thankful-for-the-cant-pt-3/,https://mcdn.podbean.com/mf/web/2fq6ucd6umd8jen2/1215Podcast9dam7.mp3,2024-12-15,6,"day1 - day7",7,-14.29%
"Romans 3:21-26, Thankful For The ""CAN'T"" Pt. 2 | Romans Chapter 3",https://broJacobcedargrovebaptist.podbean.com/e/12082024-thankful-for-the-cant-pt-2/,https://mcdn.podbean.com/mf/web/fnuqaehim4hgpu6c/12_08_24_Thankful_for_The_CAN_T_Pt_283d3e.m4a,2024-12-08,6,"day1 - day7",7,-14.29%
"Stand Up In the Battle (9th Edition) | 2024 Specials",https://broJacobcedargrovebaptist.podbean.com/e/stand-up-in-the-battle-9th-edition/,https://mcdn.podbean.com/mf/web/uvvjjckyhzy3fjc4/1216rb5c.mp3,2024-12-01,7,"day1 - day7",7,0%
"The Gospel Answer for: Obtaining Righteousness | Romans Chapter 3",https://broJacobcedargrovebaptist.podbean.com/e/11172024-the-gospel-answer-for-obtaining-righteousness/,https://mcdn.podbean.com/mf/web/ac4d47ckf4butt6m/11_17_24_The_Gospel_Answer_to_Obtaining_Righteousnessaxsut.mp3,2024-11-17,0,"day1 - day7",7,-100%
"Thankful for the: ""CAN'T"" Pt. 1 | Romans Chapter 3",https://broJacobcedargrovebaptist.podbean.com/e/11242024-thankful-for-the-cant/,https://mcdn.podbean.com/mf/web/iqsgza3eyss9dyns/11_24_24_Thankful_For_The_CAN_T7ek1a.mp3,2024-11-24,5,"day1 - day7",7,-28.57%
"Romans 3:9-20, All Means ""ALL"" Pt. 4 | Romans Chapter 3",https://broJacobcedargrovebaptist.podbean.com/e/all-means-all-pt-4/,https://mcdn.podbean.com/mf/web/8m8d9i2mdxq6tyyc/1110_PodCast9zsht.mp3,2024-11-10,3,"day1 - day7",7,-57.14%
"Testimony | 2024 Specials",https://broJacobcedargrovebaptist.podbean.com/e/testimony/,https://mcdn.podbean.com/mf/web/q52auy6szwcn64vn/1027a5tlp.mp3,2024-10-27,0,"day1 - day7",7,-100%
"Romans 3:9-20, All Means ""ALL"" Pt. 3 | Romans Chapter 3",https://broJacobcedargrovebaptist.podbean.com/e/10132024-all-means-all-pt-3/,https://mcdn.podbean.com/mf/web/wg24mtqdjzfndmxf/10_13_24_All_Means_ALL_Pt_38o59e.mp3,2024-10-13,0,"day1 - day7",7,-100%
"All Means ""ALL"" Pt. 2 | Romans",https://broJacobcedargrovebaptist.podbean.com/e/10062024-all-means-all-pt-2/,https://mcdn.podbean.com/mf/web/miu7mny56p9ivtnx/10_06_24_All_Means_ALL_Pt_2bbbdt.mp3,2024-10-06,3,"day1 - day7",7,-57.14%
"Faith Without Love | 2024 Specials",https://broJacobcedargrovebaptist.podbean.com/e/92924-faith-without-love/,https://mcdn.podbean.com/mf/web/z4g7pyft6it4zs5j/9_29_24_Faith_Without_Love8u5el.mp3,2024-09-29,12,"day1 - day7",7,71.43%
"All Means ""ALL"" Pt.1 | Romans",https://broJacobcedargrovebaptist.podbean.com/e/9222024-all-means-all/,https://mcdn.podbean.com/mf/web/595yiy2fxtfw635p/9_22_24_All_Means_ALL8lhdr.mp3,2024-09-22,8,"day1 - day7",7,14.29%
"Do As I Say, Not As I Do | Romans",https://broJacobcedargrovebaptist.podbean.com/e/9152024-do-as-i-say-not-as-i-do/,https://mcdn.podbean.com/mf/web/fdkvrvkd9fw5q9xr/9_15_24_Do_As_I_Say_Not_As_I_Doavmfk.mp3,2024-09-15,3,"day1 - day7",7,-57.14%
"Steadfast Service | Disciplines of a Victorious Believer",https://broJacobcedargrovebaptist.podbean.com/e/090824-disciplines-of-a-victorious-believer/,https://mcdn.podbean.com/mf/web/7msv9bjqxzpsy2cf/09_08_24_Disciplines_Of_A_Victorious_Believer7mrxq.mp3,2024-09-08,6,"day1 - day7",7,-14.29%
"Generous Giving | Disciplines of a Victorious Believer",https://broJacobcedargrovebaptist.podbean.com/e/discipline-of-a-victorious-believer-pt-4/,https://mcdn.podbean.com/mf/web/hrdmyk2tr77dpbgj/09_01_24_Disciplines_Of_a_Victorious_Believer_Pt_4bamx3.mp3,2024-09-01,3,"day1 - day7",7,-57.14%
"Persevering Fellowship | Disciplines of a Victorious Believer",https://broJacobcedargrovebaptist.podbean.com/e/disciplines-of-a-victorious-believer-pt3/,https://mcdn.podbean.com/mf/web/7zg6q558pw2yfzbi/8_25_24_Disciplines_of_a_Victorious_Believer_Pt_386spe.mp3,2024-08-25,7,"day1 - day7",7,0%
"Pray Powerfully | Disciplines of a Victorious Believer",https://broJacobcedargrovebaptist.podbean.com/e/disciplines-of-a-strong-believer/,https://mcdn.podbean.com/mf/web/3ixeygh2raudyp9i/08_11_24_Disciplines_of_a_Victorious_Believer_Pt_28nyoj.mp3,2024-08-18,0,"day1 - day7",7,-100%
"Hunger for God's Word | Disciplines of a Victorious Believer",https://broJacobcedargrovebaptist.podbean.com/e/disciplines-of-a-victorious-believer-pt-1/,https://mcdn.podbean.com/mf/web/c7em5x5a5p3kyg62/84_Podcastakqka.mp3,2024-08-04,3,"day1 - day7",7,-57.14%
"The Dangers Of Unfaithfulness Pt. 4 | Romans",https://broJacobcedargrovebaptist.podbean.com/e/the-dangers-of-unfaithfulness-pt4/,https://mcdn.podbean.com/mf/web/phsnqa5xbxriyshn/7_28_24_The_Dangers_of_Unfaithfulness_Pt471833.mp3,2024-07-28,3,"day1 - day7",7,-57.14%
"The Danger of Unfaithfulness Pt. 3 | Romans",https://broJacobcedargrovebaptist.podbean.com/e/the-danger-of-unfaithfulness-pt-3/,https://mcdn.podbean.com/mf/web/cwxt33xfhwjewvxp/7_21_24_The_Danders_Of_Unfaithfulness_Pt_3agh1u.mp3,2024-07-21,4,"day1 - day7",7,-42.86%
"The Danger of Unfaithfulness Pt. 2 | Romans",https://broJacobcedargrovebaptist.podbean.com/e/the-danger-of-unfaithfulness-pt-2/,https://mcdn.podbean.com/mf/web/gaw8wnvzqwxhiayv/7_14_24_The_Danger_Of_Unfaithfulness_Pt_27qf5z.mp3,2024-07-14,3,"day1 - day7",7,-57.14%
"The Danger of Unfaithfulness Pt. 1 | Romans",https://broJacobcedargrovebaptist.podbean.com/e/the-danger-of-unfaithfulness-pt-1/,https://mcdn.podbean.com/mf/web/3k2qsagb79set5f8/7_7_24_The_Danger_of_Unfaithfulness_Pt_17t3bo.mp3,2024-07-07,5,"day1 - day7",7,-28.57%
"The One and Only | 2024 Specials",https://broJacobcedargrovebaptist.podbean.com/e/63024-the-one-and-only/,https://mcdn.podbean.com/mf/web/mc7bemnm554aqy9u/pastor_nicks_sermon_hsgiuy7i845.mp3,2024-06-30,6,"day1 - day7",7,-14.29%
"Thou Art Inexcusable Pt. 3 | Romans",https://broJacobcedargrovebaptist.podbean.com/e/thou-art-inexcusable-pt-3/,https://mcdn.podbean.com/mf/web/3452axsvqsse7vrw/6_23_24_Thou_Art_Inexcusable_Pt_3758f2.mp3,2024-06-23,6,"day1 - day7",7,-14.29%
"Thou Art Inexcusable Pt. 2 | Romans",https://broJacobcedargrovebaptist.podbean.com/e/thou-art-inexcusable-pt-2-romans-21-16-b/,https://mcdn.podbean.com/mf/web/gs7wb982hkbianyz/06_16_24_Thou_Art_Inexcusable_Pt_29o27c.mp3,2024-06-16,5,"day1 - day7",7,-28.57%
"Thou Art Inexcusable Pt. 1 | Romans",https://broJacobcedargrovebaptist.podbean.com/e/90624-thou-art-inexcusable-pt-1/,https://mcdn.podbean.com/mf/web/jwzsrpwveh5cdbgd/9_06_24_Thou_Art_Inexcusable_Pt_18ndn5.mp3,2024-06-09,8,"day1 - day7",7,14.29%
"Results of the Merciful Wrath of God Pt. 2 | Romans",https://broJacobcedargrovebaptist.podbean.com/e/results-of-the-merciful-wrath-of-god-pt-2/,https://mcdn.podbean.com/mf/web/w8qfbeuejdf8u7de/06_02_04_Results_of_the_Merciful_Wrath_of_God_Pt_28gtj3.mp3,2024-06-02,2,"day1 - day7",7,-71.43%
"Result of the Merciful Wrath of God Pt. 1 | Romans",https://broJacobcedargrovebaptist.podbean.com/e/result-of-the-merciful-wrath-of-god/,https://mcdn.podbean.com/mf/web/uqit7qga4s6ys3ms/05_26_24_Results_of_the_Merciful_Wrath_of_God7qbip.mp3,2024-05-26,7,"day1 - day7",7,0%
"Gods Merciful Wrath Pt. 2 | Romans",https://broJacobcedargrovebaptist.podbean.com/e/gods-merciful-wrath-pt2/,https://mcdn.podbean.com/mf/web/8qxjv8td8pd6srg8/5_19_24_Gods_Merciful_Wrath_Pt2b8pvt.mp3,2024-05-19,5,"day1 - day7",7,-28.57%
"And Also, Some Women... | 2024 Specials",https://broJacobcedargrovebaptist.podbean.com/e/and-also-some-women/,https://mcdn.podbean.com/mf/web/jau7s7g8n438ywin/5_12_2024_And_Also_Some_Women9zgdp.mp3,2024-05-12,0,"day1 - day7",7,-100%
"Breaking the Mold of the Consumer Church | 2024 Specials",https://broJacobcedargrovebaptist.podbean.com/e/breaking-the-mold-of-the-consumer-church/,https://mcdn.podbean.com/mf/web/v9664desmujcia68/5_4_24_Breaking_The_Mold_Of_The_Consumer_Church83st9.mp3,2024-05-04,0,"day1 - day7",7,-100%
"God's Merciful Wrath Pt. 1 | Romans",https://broJacobcedargrovebaptist.podbean.com/e/gods-merciful-wrath-pt-1/,https://mcdn.podbean.com/mf/web/yc89bydun26y4dsj/4_28_24_Gods_Merciful_Wrath_Pt19k6h7.mp3,2024-04-28,4,"day1 - day7",7,-42.86%
"Is it I? | Romans",https://broJacobcedargrovebaptist.podbean.com/e/is-it-i/,https://mcdn.podbean.com/mf/web/xgpfvcnnx4yc4hzm/4_21_24_Is_It_I79nkg.mp3,2024-04-21,0,"day1 - day7",7,-100%
"How Are You Known Pt. 4 | Romans",https://broJacobcedargrovebaptist.podbean.com/e/where-do-your-passions-lie-pt1/,https://mcdn.podbean.com/mf/web/863era6saqe4e4db/4_14_24_Where_Do_Your_Passions_Lie_Pt19chuw.mp3,2024-04-14,0,"day1 - day7",7,-100%
"The Crossroads Of Calvary | 2024 Specials",https://broJacobcedargrovebaptist.podbean.com/e/thecrossroads-of-calvary/,https://mcdn.podbean.com/mf/web/h65ueptatrk8yicv/3_31_24_TheCrossroads_Of_Calvary6bk56.mp3,2024-03-31,0,"day1 - day7",7,-100%
"“Good People” On The Wrong Road",https://broJacobcedargrovebaptist.podbean.com/e/good-people-on-the-wrong-road/,https://mcdn.podbean.com/mf/web/ywm97vf7ckqu4nti/01_07_24_Good_People_On_The_Wrong_Road_pt170jlh.mp3,2024-01-07,0,"day1 - day7",7,-100%
"God's People On The Right Road",https://broJacobcedargrovebaptist.podbean.com/e/gods-people-on-the-right-road/,https://mcdn.podbean.com/mf/web/zxbt5u7p38btjsyu/1_14_24_God_s_People_on_The_Right_Roadbqbig.mp3,2024-01-14,0,"day1 - day7",7,-100%
"Do Not Allow Past Sin to Control Today",https://broJacobcedargrovebaptist.podbean.com/e/do-not-let-your-past-sins-control-you/,https://mcdn.podbean.com/mf/web/z9cdwmy4xj29qqfd/1_28_24_Expect_Victory_Pt_1_Do_Not_Allow_Past_Sin_to_Control_Today7tzur.mp3,2024-01-28,0,"day1 - day7",7,-100%
"Have A Mind to Work",https://broJacobcedargrovebaptist.podbean.com/e/have-a-mind-to-work/,https://mcdn.podbean.com/mf/web/b37rp5szmy3j58z5/2_04_24_Expect_Victory_Part_2_Have_a_Mind_to_Work6y35r.mp3,2024-02-04,0,"day1 - day7",7,-100%
"Be Productive and Protect",https://broJacobcedargrovebaptist.podbean.com/e/be-productive-and-protect/,https://mcdn.podbean.com/mf/web/2m3g6vdtaiuuc4ns/2_11_24_Expect_Victory_Part_3_Be_Productive_and_Protect91sby.mp3,2024-02-11,0,"day1 - day7",7,-100%
"Know Your Role Pt. 1 | Romans 1:1-7, A",https://broJacobcedargrovebaptist.podbean.com/e/romans-11-7-a-know-your-role-pt-1/,https://mcdn.podbean.com/mf/web/sgciiqr2e2xupwyv/2_18_24_Know_Your_Role_Pt_19atlq.mp3,2024-02-18,0,"day1 - day7",7,-100%
"Know Your Role Pt. 2 | Romans 1:1-7, B",https://broJacobcedargrovebaptist.podbean.com/e/romans-11-7-b-know-your-role-pt-2/,https://mcdn.podbean.com/mf/web/rqwhxxdxhukjdqnx/2_25_24_Know_Your_Role_Pt_2a44nw.mp3,2024-02-25,0,"day1 - day7",7,-100%
"Know Your Roll Pt. 3 | Romans 1:1-7, C",https://broJacobcedargrovebaptist.podbean.com/e/know-your-roll-pt-3/,https://mcdn.podbean.com/mf/web/3kvua9zemzxmcjyp/3_3_24_Know_Your_Role_Pt_3701n6.mp3,2024-03-03,0,"day1 - day7",7,-100%
"How Are You Known? Pt.1 | Romans 1:8-16, A",https://broJacobcedargrovebaptist.podbean.com/e/romans-18-15-how-are-you-known/,https://mcdn.podbean.com/mf/web/p92484n9ats6cmpq/3_10_24_Romans_18-15_How_Are_You_Known_Pt_1alt5o.mp3,2024-03-10,0,"day1 - day7",7,-100%
"Romans 1:8-16, B - How Are You Known? Pt. 2 | Romans",https://broJacobcedargrovebaptist.podbean.com/e/romans-116-in-everything/,https://mcdn.podbean.com/mf/web/hysgbnwqtzxx8fjj/3_24_24_Romans_18-16_How_Are_You_Known_Pt2b1ngu.mp3,2024-03-24,0,"day1 - day7",7,-100%
"How Are You Known? Pt. 3 | Romans",https://broJacobcedargrovebaptist.podbean.com/e/romans-18-16-c-how-are-you-known-pt3/,https://mcdn.podbean.com/mf/web/5i2qu7q4m47xzddk/4_7_24_How_Are_You_Known_Pt393j4c.mp3,2024-04-07,5,"day1 - day7",7,-28.57%
"Heavenly Portfolio",https://broJacobcedargrovebaptist.podbean.com/e/heavenly-portfolio/,https://mcdn.podbean.com/mf/web/fyw6mm/Heavenly_Portfolio8mnz9.mp3,2023-12-31,8,"day1 - day7",7,14.29%
"The Backslidden Prophet",https://broJacobcedargrovebaptist.podbean.com/e/the-backslidden-prophet/,https://mcdn.podbean.com/mf/web/v6d6n9/230813_Audio_Enhanced.mp3,2023-08-13,0,"day1 - day7",7,-100%
"Jonah 1:1-2 - Jonah the Prophet | Jonah",https://broJacobcedargrovebaptist.podbean.com/e/jonah-the-prophet/,https://mcdn.podbean.com/mf/web/khmbfw/01_Jonah_the_Prophet8l40j.mp3,2023-08-06,0,"day1 - day7",7,-100%
"Why Christmas Came",https://broJacobcedargrovebaptist.podbean.com/e/why-christmas-came/,https://mcdn.podbean.com/mf/web/cr72mw/Why_Christmas_Came7sggv.mp3,2023-12-24,4,"day1 - day7",7,-42.86%
"What He Desires and Why We Give it",https://broJacobcedargrovebaptist.podbean.com/e/what-he-desires-and-why-we-give-it/,https://mcdn.podbean.com/mf/web/n8d6am/What_He_Desires_and_Why_We_Give_it6gqve.mp3,2023-12-24,4,"day1 - day7",7,-42.86%
"God’s Christmas List - Steadfastness",https://broJacobcedargrovebaptist.podbean.com/e/god-s-christmas-list-steadfastness/,https://mcdn.podbean.com/mf/web/92qf8u/God_s_Christmas_List_-_Steadfastness8ipr5.mp3,2023-12-17,3,"day1 - day7",7,-57.14%
"God Honoring Health",https://broJacobcedargrovebaptist.podbean.com/e/god-honoring-health/,https://mcdn.podbean.com/mf/web/xv8pv4/God_Honoring_Health8q8ve.m4a,2023-12-17,7,"day1 - day7",7,0%
"Small Adjustments Make Big Changes",https://broJacobcedargrovebaptist.podbean.com/e/small-adjustments-make-big-changes/,https://mcdn.podbean.com/mf/web/2khcum/Small_Adjustments_Make_Big_Changes8dsx5.mp3,2023-12-10,13,"day1 - day7",7,85.71%
"Stand Up In the Battle",https://broJacobcedargrovebaptist.podbean.com/e/stand-up-in-the-battle/,https://mcdn.podbean.com/mf/web/xfcuxu/Stand_Up_In_the_Battle6uxam.mp3,2023-11-26,0,"day1 - day7",7,-100%
"The Indifferent Man of God",https://broJacobcedargrovebaptist.podbean.com/e/the-indifferent-man-of-god/,https://mcdn.podbean.com/mf/web/jbgecz/The_Indifferent_Man_of_Godbllqf.mp3,2023-08-20,0,"day1 - day7",7,-100%
"All the Difference Part 3 | Joseph",https://broJacobcedargrovebaptist.podbean.com/e/all-the-difference-part-3/,https://mcdn.podbean.com/mf/web/m5gpyk/03_All_the_Difference.mp3,2022-01-26,0,"day1 - day7",7,-100%
"In Your Family Part 3 (Family Problems)",https://broJacobcedargrovebaptist.podbean.com/e/in-your-family-part-3-family-problems/,https://mcdn.podbean.com/mf/web/jwh223/07_In_Your_Family_Part_3_Family_Problems_71dqm.mp3,2023-11-19,18,"day1 - day7",7,157.14%
"In Your Family Part 2 (Family Problems)",https://broJacobcedargrovebaptist.podbean.com/e/in-your-family-part-2-family-problems/,https://mcdn.podbean.com/mf/web/hw9yqp/06_In_Your_Family_Part_2_Family_Problems_685gm.mp3,2023-11-12,18,"day1 - day7",7,157.14%
"In Your Family Part 1 (Family Problems)",https://broJacobcedargrovebaptist.podbean.com/e/in-your-family-family-problems/,https://mcdn.podbean.com/mf/web/zkt48n/05_In_Your_Family_Family_Problems_9dj2x.mp3,2023-11-05,0,"day1 - day7",7,-100%
Repentance,https://broJacobcedargrovebaptist.podbean.com/e/repentance/,https://mcdn.podbean.com/mf/web/buzqse/230827_Repentance.mp3,2023-08-27,0,"day1 - day7",7,-100%
"Signs of a Repentant Prophet",https://broJacobcedargrovebaptist.podbean.com/e/signs-of-a-repentant-prophet/,https://mcdn.podbean.com/mf/web/cavx3j/05_Signs_of_a_Repentant_Prophet.mp3,2023-09-03,0,"day1 - day7",7,-100%
"The Selfish Prophet",https://broJacobcedargrovebaptist.podbean.com/e/the-impact-of-saying-yes-to-god/,https://mcdn.podbean.com/mf/web/e7ntyx/The_Selfish_Prophet.mp3,2023-09-17,0,"day1 - day7",7,-100%
Recommissioned,https://broJacobcedargrovebaptist.podbean.com/e/recommissioned/,https://mcdn.podbean.com/mf/web/6kpgkm/2300910_Recomissioned.mp3,2023-09-10,0,"day1 - day7",7,-100%
"Never Forget",https://broJacobcedargrovebaptist.podbean.com/e/what-is-the-church/,https://mcdn.podbean.com/mf/web/v3iy6s/231029_Never_Forget.mp3,2023-10-29,15,"day1 - day7",7,114.29%
"Setting the Table",https://broJacobcedargrovebaptist.podbean.com/e/setting-the-table/,https://mcdn.podbean.com/mf/web/cbfx3s/01_Setting_the_Table.mp3,2023-09-24,0,"day1 - day7",7,-100%
"Healing a Broken Marriage Part 1",https://broJacobcedargrovebaptist.podbean.com/e/20231008/,https://mcdn.podbean.com/mf/web/5aggta/03_Healing_a_Broken_Marriage_Part_1.mp3,2023-10-08,0,"day1 - day7",7,-100%
"Healing a Broken Marriage Part 2",https://broJacobcedargrovebaptist.podbean.com/e/20231022/,https://mcdn.podbean.com/mf/web/acu86z/04_Healing_a_Broken_Marriage_Part_2.mp3,2023-10-22,12,"day1 - day7",7,71.43%
